Country Name,Country Code,Indicator Name,Indicator Code,2010,2011,2012,2013,2014,2015,2016,2017,2018,2019,2020
Aruba,ABW,Gross savings (% of GDP),NY.GNS.ICTR.ZS,3.549894835,-1.698071867,1.888913379,6.821434035,10.56325321,14.86785151,15.35605989,14.15303855,11.31279938,,
Africa Eastern and Southern,AFE,Gross savings (% of GDP),NY.GNS.ICTR.ZS,20.42777151,20.7566996,19.23286276,19.08367195,20.18658427,18.95480442,19.84507542,19.97318407,19.83010105,20.20734948,19.56716709
Afghanistan,AFG,Gross savings (% of GDP),NY.GNS.ICTR.ZS,,,,,,,,,,,
Africa Western and Central,AFW,Gross savings (% of GDP),NY.GNS.ICTR.ZS,20.57059098,20.91022059,26.86909765,18.04740485,20.83193796,18.09329145,16.49070562,17.95257033,18.91958375,21.21936165,22.56483989
Angola,AGO,Gross savings (% of GDP),NY.GNS.ICTR.ZS,36.98734332,37.88854989,37.23299939,32.02988195,29.96672177,25.02132654,24.42924754,23.35194559,25.1731937,25.52484772,17.96732701
Albania,ALB,Gross savings (% of GDP),NY.GNS.ICTR.ZS,19.96761992,20.54545578,19.62510367,17.74129421,15.92938749,16.8639814,17.04907325,16.52936416,16.54723338,14.4998255,11.07274265
Andorra,AND,Gross savings (% of GDP),NY.GNS.ICTR.ZS,,,,,,,,,,,
Arab World,ARB,Gross savings (% of GDP),NY.GNS.ICTR.ZS,35.89547486,41.09685445,39.62255283,37.8213929,34.7429132,25.5994673,25.49850928,28.5413076,31.42735329,30.85920653,
United Arab Emirates,ARE,Gross savings (% of GDP),NY.GNS.ICTR.ZS,,,,,,,,,,,
Argentina,ARG,Gross savings (% of GDP),NY.GNS.ICTR.ZS,17.30528056,17.34843039,16.05516478,14.95436211,15.75200992,14.28730262,14.63637104,13.07666717,11.40516048,14.28529512,18.6167506
Armenia,ARM,Gross savings (% of GDP),NY.GNS.ICTR.ZS,13.20076363,11.09572312,14.0967332,14.83671889,13.28125739,18.43038559,17.81446519,16.89533246,15.32610134,9.815573922,14.71852224
American Samoa,ASM,Gross savings (% of GDP),NY.GNS.ICTR.ZS,,,,,,,,,,,
Antigua and Barbuda,ATG,Gross savings (% of GDP),NY.GNS.ICTR.ZS,13.56885826,10.4193677,7.16092291,7.227049697,2.788276658,7.051264504,9.74883856,15.24942014,23.05620192,26.38342703,14.28915386
Australia,AUS,Gross savings (% of GDP),NY.GNS.ICTR.ZS,21.86889893,23.33656637,24.37723114,23.97698393,23.66896849,22.70271367,20.71906578,21.80423664,21.7391672,22.52853371,24.07252629
Austria,AUT,Gross savings (% of GDP),NY.GNS.ICTR.ZS,25.82390233,26.09326413,25.77517514,25.48381808,25.98487076,25.65294431,27.11826579,26.34084689,26.79819727,27.75799005,27.70314689
Azerbaijan,AZE,Gross savings (% of GDP),NY.GNS.ICTR.ZS,44.73031565,46.79378474,44.27034331,42.75954865,40.74665683,28.12191969,22.60014635,29.02575368,32.14956001,28.57354797,24.23137665
Burundi,BDI,Gross savings (% of GDP),NY.GNS.ICTR.ZS,3.216160891,1.95368778,10.88161509,3.933888146,0.617073291,11.22352302,6.453672188,7.246351055,5.498900378,,
Belgium,BEL,Gross savings (% of GDP),NY.GNS.ICTR.ZS,25.35030396,23.49924635,24.73166599,24.23369807,24.57515733,25.00809394,24.8158872,25.15179436,24.5446779,25.09256403,25.00288682
Benin,BEN,Gross savings (% of GDP),NY.GNS.ICTR.ZS,11.38726255,12.12564893,13.5331676,16.28315585,18.60217878,13.86203006,17.40228939,17.39915475,19.63660549,21.71942726,
Burkina Faso,BFA,Gross savings (% of GDP),NY.GNS.ICTR.ZS,15.83870997,17.49559935,18.06330109,14.39043309,13.38918085,11.85934408,13.45074884,14.77021264,17.10798076,16.86677862,
Bangladesh,BGD,Gross savings (% of GDP),NY.GNS.ICTR.ZS,38.78147102,38.05723592,40.59589684,39.74593591,37.77929258,36.73376986,37.11618827,35.23343399,33.26894557,35.72906731,35.5768976
Bulgaria,BGR,Gross savings (% of GDP),NY.GNS.ICTR.ZS,21.18996234,22.42210388,22.26029183,23.8996823,23.37957969,22.19285141,23.83131073,25.1179777,23.71938422,24.2889721,21.22259091
Bahrain,BHR,Gross savings (% of GDP),NY.GNS.ICTR.ZS,30.27512906,26.8797597,36.53013387,33.34579856,31.40689418,23.59933328,24.94614429,28.8557475,28.81966602,,
"Bahamas, The",BHS,Gross savings (% of GDP),NY.GNS.ICTR.ZS,23.71975958,21.04410429,20.83802061,20.34595887,20.61507921,20.76599826,22.65700967,15.48855631,14.95456972,26.9362599,17.64827656
Bosnia and Herzegovina,BIH,Gross savings (% of GDP),NY.GNS.ICTR.ZS,8.648650517,7.98973001,6.649097389,8.663065931,9.551105921,11.00677569,12.78931368,14.69365656,17.07599288,19.17116997,15.72343724
Belarus,BLR,Gross savings (% of GDP),NY.GNS.ICTR.ZS,26.85536946,32.7218067,31.23644476,28.43712841,27.46924687,28.9087752,26.40313153,28.01703764,29.15846488,27.82238987,28.21011251
Belize,BLZ,Gross savings (% of GDP),NY.GNS.ICTR.ZS,10.06951793,12.76015721,11.94991324,10.64645292,11.30677412,13.1532771,10.49710067,11.98812684,11.42054814,15.01743523,17.8121649
Bermuda,BMU,Gross savings (% of GDP),NY.GNS.ICTR.ZS,38.49410768,36.95064272,39.40631633,40.04899793,39.63328329,39.94720496,39.31975329,40.48283833,40.38595819,39.1734617,39.79424802
Bolivia,BOL,Gross savings (% of GDP),NY.GNS.ICTR.ZS,24.84916475,26.31744424,25.6940567,23.89093946,20.7894775,14.21692552,15.42005143,16.05702878,16.12778643,14.11479252,12.51691409
Brazil,BRA,Gross savings (% of GDP),NY.GNS.ICTR.ZS,17.80239934,18.6012664,17.67810849,18.15169082,16.13440499,14.52934719,13.42175304,13.5777697,12.70741995,12.5423269,15.03965848
Barbados,BRB,Gross savings (% of GDP),NY.GNS.ICTR.ZS,3.529927931,-1.417703645,3.511118129,2.232993781,3.016605833,5.338419246,5.355404123,,,,
Brunei Darussalam,BRN,Gross savings (% of GDP),NY.GNS.ICTR.ZS,60.15035,63.78319692,62.90462043,60.27899601,59.71220969,57.11833733,56.41246576,55.33645511,53.20485414,53.55344169,50.90864167
Bhutan,BTN,Gross savings (% of GDP),NY.GNS.ICTR.ZS,34.59931311,40.59769141,48.69863906,24.85866749,29.69596883,23.39981019,30.90673301,29.46401148,24.2460114,21.37668783,18.22258117
Botswana,BWA,Gross savings (% of GDP),NY.GNS.ICTR.ZS,35.45033611,40.96965368,39.67502011,36.66487871,39.30355933,36.40472153,39.88956083,40.5941269,36.87714158,30.99518982,27.9369657
Central African Republic,CAF,Gross savings (% of GDP),NY.GNS.ICTR.ZS,,,,,,,,,,,
Canada,CAN,Gross savings (% of GDP),NY.GNS.ICTR.ZS,19.3125301,20.85710941,20.91795123,21.5972984,22.14849389,19.56936363,19.14645457,19.84528099,19.64367359,20.01542161,18.88341052
Central Europe and the Baltics,CEB,Gross savings (% of GDP),NY.GNS.ICTR.ZS,19.32367096,20.10495146,20.07057102,21.21781837,21.75560082,22.63179328,21.99006128,22.26078228,22.12733785,22.4651908,22.17152774
Switzerland,CHE,Gross savings (% of GDP),NY.GNS.ICTR.ZS,40.17040075,36.18571943,37.19054178,36.51131359,34.43678594,35.83819318,34.57164985,32.77067368,31.90418758,31.86302307,31.32448194
Channel Islands,CHI,Gross savings (% of GDP),NY.GNS.ICTR.ZS,,,,,,,,,,,
Chile,CHL,Gross savings (% of GDP),NY.GNS.ICTR.ZS,24.52747491,21.96693793,21.96097383,20.78576931,21.17117612,21.29965345,20.21247701,18.87566679,18.14408646,19.20627011,21.12871274
China,CHN,Gross savings (% of GDP),NY.GNS.ICTR.ZS,51.32671664,49.23333021,48.6653632,47.37839092,47.61581834,45.41758655,44.38066737,44.90504689,44.48575289,43.77302796,44.53311594
Cote d'Ivoire,CIV,Gross savings (% of GDP),NY.GNS.ICTR.ZS,-11.36763324,-12.44902861,-9.900770184,-8.314578611,-4.808452193,22.52951586,20.30702728,17.44168053,15.67020865,17.55413939,
Cameroon,CMR,Gross savings (% of GDP),NY.GNS.ICTR.ZS,15.29820406,15.5209984,15.11444457,15.32120223,16.30627734,14.31569394,16.45471331,16.2917061,15.70642982,14.39895778,13.39959358
"Congo, Dem. Rep.",COD,Gross savings (% of GDP),NY.GNS.ICTR.ZS,19.94035814,19.16813834,8.158000689,12.53924972,15.39313479,13.34708291,15.53612151,21.73739585,18.14425735,17.5043216,22.35771003
"Congo, Rep.",COG,Gross savings (% of GDP),NY.GNS.ICTR.ZS,54.0443063,50.08982621,57.50172582,57.85017643,57.38084075,40.45683662,24.38165169,,,,
Colombia,COL,Gross savings (% of GDP),NY.GNS.ICTR.ZS,18.27192761,19.30995523,18.38687333,18.13833041,18.04797183,17.27934453,17.50645245,16.98576351,16.26738358,16.15447891,13.66877599
Comoros,COM,Gross savings (% of GDP),NY.GNS.ICTR.ZS,13.84310958,10.80097442,12.03099931,,9.559135314,13.35659827,8.195824141,11.46216377,11.38978616,8.144416911,9.521053317
Cabo Verde,CPV,Gross savings (% of GDP),NY.GNS.ICTR.ZS,34.59533037,34.02042653,28.3106355,28.62868743,25.92430204,28.15598428,32.79439191,30.55940444,34.4454147,35.24677401,33.81309085
Costa Rica,CRI,Gross savings (% of GDP),NY.GNS.ICTR.ZS,15.80171296,13.79904607,13.83798949,13.83453191,13.49578081,14.62254549,15.88073711,14.24795116,14.38418593,13.48276256,13.41785218
Caribbean small states,CSS,Gross savings (% of GDP),NY.GNS.ICTR.ZS,,,,,,,,,,,
Cuba,CUB,Gross savings (% of GDP),NY.GNS.ICTR.ZS,,,,,,,,,,,
Curacao,CUW,Gross savings (% of GDP),NY.GNS.ICTR.ZS,,15.80895904,16.17050297,18.57791412,18.10185419,20.01322584,18.99061197,,,,
Cayman Islands,CYM,Gross savings (% of GDP),NY.GNS.ICTR.ZS,,,,,,,,,,,
Cyprus,CYP,Gross savings (% of GDP),NY.GNS.ICTR.ZS,13.26787657,16.61652451,12.33316472,11.45863289,9.48732802,13.23105533,13.23700152,15.65968715,15.3730691,14.62757465,8.773001842
Czech Republic,CZE,Gross savings (% of GDP),NY.GNS.ICTR.ZS,22.65664329,22.46063745,24.02350515,24.11068079,25.31045338,27.09377506,26.3493691,27.27576794,26.95316066,26.95877966,28.76647959
Germany,DEU,Gross savings (% of GDP),NY.GNS.ICTR.ZS,25.77484873,27.82090766,26.80034456,26.58194611,27.58365403,28.32865381,28.52486475,28.87913878,29.84443079,29.63650535,28.11922155
Djibouti,DJI,Gross savings (% of GDP),NY.GNS.ICTR.ZS,,,,26.09797967,24.12100905,25.67934937,20.879466,16.49573919,17.57662461,26.23310327,33.11782254
Dominica,DMA,Gross savings (% of GDP),NY.GNS.ICTR.ZS,2.462903707,2.49562749,-2.37576319,3.976456221,18.2092344,5.806906693,6.141802085,4.240614907,-12.00903821,,
Denmark,DNK,Gross savings (% of GDP),NY.GNS.ICTR.ZS,24.62749403,25.71520566,25.741771,27.45207095,29.00361173,28.87395985,29.54503371,30.06155369,29.87983949,30.77358852,31.06432387
Dominican Republic,DOM,Gross savings (% of GDP),NY.GNS.ICTR.ZS,18.52135403,17.13023343,17.56131538,18.24983044,19.58572341,21.34618314,21.58771662,22.00691077,24.0461293,24.31048199,23.0057303
Algeria,DZA,Gross savings (% of GDP),NY.GNS.ICTR.ZS,49.82915369,48.52707295,47.77901305,45.55649526,43.29927175,36.48792155,37.38332505,38.72606851,40.20596229,39.07355916,31.22048659
East Asia & Pacific (excluding high income),EAP,Gross savings (% of GDP),NY.GNS.ICTR.ZS,48.16236252,46.52539432,45.76808103,44.55366563,44.71329256,42.71753683,41.84020824,42.43183994,42.0588918,41.33400627,41.62329089
Early-demographic dividend,EAR,Gross savings (% of GDP),NY.GNS.ICTR.ZS,28.99900825,29.35130956,28.53506418,27.41031621,26.73559123,25.59699113,25.33361028,26.09544346,26.49772258,26.12377564,25.4705555
East Asia & Pacific,EAS,Gross savings (% of GDP),NY.GNS.ICTR.ZS,40.16155108,39.03252678,38.42679468,37.73823047,37.95829318,37.28147371,36.78909947,37.38819132,36.95838703,36.525706,36.27547785
Europe & Central Asia (excluding high income),ECA,Gross savings (% of GDP),NY.GNS.ICTR.ZS,24.58571421,26.39102207,25.47999921,24.07353759,24.52516812,25.53259375,24.30442387,25.1917125,27.29192639,25.58067767,25.77482473
Europe & Central Asia,ECS,Gross savings (% of GDP),NY.GNS.ICTR.ZS,22.15609884,22.97888518,22.49802867,22.27034212,22.74237126,23.35670663,23.29225522,24.08929274,24.67382604,24.67220734,23.78108194
Ecuador,ECU,Gross savings (% of GDP),NY.GNS.ICTR.ZS,25.67306621,27.80379069,27.67438983,27.09236411,27.22747579,24.31730415,25.89152346,25.70566041,25.08579953,25.52375001,25.06713619
"Egypt, Arab Rep.",EGY,Gross savings (% of GDP),NY.GNS.ICTR.ZS,17.95038894,16.86871826,12.87821102,13.68322162,11.8849608,9.593464708,9.710041522,10.35531343,13.8945011,15.18327142,11.12268806
Euro area,EMU,Gross savings (% of GDP),NY.GNS.ICTR.ZS,21.87897753,22.67122897,22.40264056,22.54184973,23.07119656,23.76557225,24.21022817,24.84955916,25.32943936,25.54472684,24.25656105
Eritrea,ERI,Gross savings (% of GDP),NY.GNS.ICTR.ZS,,,,,,,,,,,
Spain,ESP,Gross savings (% of GDP),NY.GNS.ICTR.ZS,18.64216777,17.85387966,18.51713583,19.2594697,19.58506007,21.01757668,21.93069452,22.18581552,22.357043,22.99283222,21.51214322
Estonia,EST,Gross savings (% of GDP),NY.GNS.ICTR.ZS,24.1885022,27.79660503,28.20070436,28.17661172,28.49756384,27.57830348,27.25591839,28.8941661,29.44407858,29.9317155,
Ethiopia,ETH,Gross savings (% of GDP),NY.GNS.ICTR.ZS,,32.55827582,30.91225561,28.33477868,31.45033178,29.52215852,30.95321917,30.59002279,33.16306209,29.03045172,27.24344731
European Union,EUU,Gross savings (% of GDP),NY.GNS.ICTR.ZS,21.99920681,22.76632069,22.47244141,22.71031914,23.24609709,23.93648244,24.27565607,24.9002092,25.28925281,25.60432252,24.49994861
Fragile and conflict affected situations,FCS,Gross savings (% of GDP),NY.GNS.ICTR.ZS,26.67455055,28.52381682,29.4970636,23.51824401,22.60193513,20.31019842,19.09487305,21.6019441,23.26485939,24.52349376,
Finland,FIN,Gross savings (% of GDP),NY.GNS.ICTR.ZS,23.8843481,22.89779976,21.48017987,20.36788972,20.68901626,20.89083188,21.28249324,23.20054122,23.41233658,23.8645134,24.9391039
Fiji,FJI,Gross savings (% of GDP),NY.GNS.ICTR.ZS,14.34362802,15.80271377,15.8298654,17.95799874,22.3809181,22.69130908,19.98284144,18.21330047,18.47075897,16.41062057,20.24785022
France,FRA,Gross savings (% of GDP),NY.GNS.ICTR.ZS,21.08428159,22.11296364,21.45583185,21.3891768,21.48595332,22.25404443,22.00463988,22.74829233,23.15593876,23.65845933,21.4730822
Faroe Islands,FRO,Gross savings (% of GDP),NY.GNS.ICTR.ZS,23.03584449,26.12698595,,,,,,,,,
"Micronesia, Fed. Sts.",FSM,Gross savings (% of GDP),NY.GNS.ICTR.ZS,,,,,,,,,,,
Gabon,GAB,Gross savings (% of GDP),NY.GNS.ICTR.ZS,41.15857215,43.76117987,43.89029718,40.3059125,42.38661756,38.37799673,,,,,
United Kingdom,GBR,Gross savings (% of GDP),NY.GNS.ICTR.ZS,12.9941529,13.93149282,12.44447713,11.67608514,12.45697624,12.5285819,12.48165736,14.59853153,14.1188012,15.1938785,14.02561823
Georgia,GEO,Gross savings (% of GDP),NY.GNS.ICTR.ZS,10.7312892,10.0080709,14.45744352,15.43224035,15.28187253,14.47205091,17.69742034,19.24601833,21.34329691,19.75280813,11.32178456
Ghana,GHA,Gross savings (% of GDP),NY.GNS.ICTR.ZS,4.87094658,3.88165352,5.267624577,15.19489116,18.26555407,21.22924497,18.89210671,16.88789727,20.93786403,18.60781572,24.61194344
Gibraltar,GIB,Gross savings (% of GDP),NY.GNS.ICTR.ZS,,,,,,,,,,,
Guinea,GIN,Gross savings (% of GDP),NY.GNS.ICTR.ZS,6.584895627,3.392748589,5.759062827,-7.779289239,-3.612141722,-7.384262066,-1.219425559,11.42341602,8.337272901,8.404206885,24.00255042
"Gambia, The",GMB,Gross savings (% of GDP),NY.GNS.ICTR.ZS,-0.353201728,6.286634203,15.72186071,5.587755603,11.40975745,18.89235541,19.91290125,18.68342554,15.67624314,17.89334546,32.478643
Guinea-Bissau,GNB,Gross savings (% of GDP),NY.GNS.ICTR.ZS,-2.893117169,10.86074999,2.177832634,1.054389524,12.00461718,10.08902971,7.747049236,8.420856222,13.4258058,11.55270522,
Equatorial Guinea,GNQ,Gross savings (% of GDP),NY.GNS.ICTR.ZS,,,,,,,,,,,
Greece,GRC,Gross savings (% of GDP),NY.GNS.ICTR.ZS,7.369167034,4.660301726,7.852740287,10.48043353,10.81483675,10.68410498,10.56970876,9.672973671,9.720585146,10.28810039,7.311520342
Grenada,GRD,Gross savings (% of GDP),NY.GNS.ICTR.ZS,,,,,,,,,,,
Greenland,GRL,Gross savings (% of GDP),NY.GNS.ICTR.ZS,,,,,,,,,,,
Guatemala,GTM,Gross savings (% of GDP),NY.GNS.ICTR.ZS,11.64720337,11.12881747,11.55853595,11.59968541,11.77096887,13.57516993,14.82388621,14.78427734,14.63716123,16.61801641,18.4315024
Guam,GUM,Gross savings (% of GDP),NY.GNS.ICTR.ZS,,,,,,,,,,,
Guyana,GUY,Gross savings (% of GDP),NY.GNS.ICTR.ZS,,,,,,,,,,,
High income,HIC,Gross savings (% of GDP),NY.GNS.ICTR.ZS,20.8414346,21.7102015,22.33107156,22.45154531,23.01364529,23.03914889,22.62708303,23.3600234,23.4926816,23.54269135,22.62678728
"Hong Kong SAR, China",HKG,Gross savings (% of GDP),NY.GNS.ICTR.ZS,30.8918616,29.70110514,26.79841369,25.54917171,25.21422931,24.85857296,25.46327216,26.65245359,25.73389128,24.03923094,25.5242725
Honduras,HND,Gross savings (% of GDP),NY.GNS.ICTR.ZS,17.67409319,18.82177981,16.13247037,12.82520995,14.84109161,19.80347622,20.5495415,23.29946547,19.73116026,20.5662165,21.88423021
Heavily indebted poor countries (HIPC),HPC,Gross savings (% of GDP),NY.GNS.ICTR.ZS,16.60233127,17.50137412,17.68261377,18.60458144,21.3114879,21.63996759,21.84533482,22.96452785,22.82851375,23.50483216,24.97854774
Croatia,HRV,Gross savings (% of GDP),NY.GNS.ICTR.ZS,18.70050792,17.93542545,16.40220042,18.03557527,18.40073295,22.58662415,21.95008472,24.12561459,24.11880404,24.39208841,21.89426149
Haiti,HTI,Gross savings (% of GDP),NY.GNS.ICTR.ZS,24.12996614,18.48422341,14.23173257,13.74049847,11.56253338,12.26354481,12.88162204,15.81688831,14.6332814,18.64747075,
Hungary,HUN,Gross savings (% of GDP),NY.GNS.ICTR.ZS,20.74266105,20.92737191,21.05785107,24.47463933,24.53233037,25.32450731,25.73260324,24.70852872,26.73630647,27.63335048,25.80371691
IBRD only,IBD,Gross savings (% of GDP),NY.GNS.ICTR.ZS,36.49227975,35.85248217,35.04733657,33.95020632,33.75739199,32.77217465,31.96854837,32.51131108,32.56242207,31.9151529,32.22425898
IDA & IBRD total,IBT,Gross savings (% of GDP),NY.GNS.ICTR.ZS,35.55781591,34.98492392,34.36635803,33.09693363,33.0199402,31.99544146,31.22044064,31.79155339,31.85170711,31.36552028,31.78609733
IDA total,IDA,Gross savings (% of GDP),NY.GNS.ICTR.ZS,21.94388798,22.72864932,24.78042246,21.09484512,22.73678499,21.27640231,20.90263748,21.71237317,21.89915734,23.52518034,24.67736625
IDA blend,IDB,Gross savings (% of GDP),NY.GNS.ICTR.ZS,22.10106195,22.8009068,26.09031598,18.65188316,20.47116349,16.9114436,16.22735651,17.50666873,18.06322395,19.8499442,21.57194191
Indonesia,IDN,Gross savings (% of GDP),NY.GNS.ICTR.ZS,32.72742299,33.22007305,31.98536977,31.12176664,30.66890946,30.12335649,29.92276833,30.87836344,31.6805228,30.90105165,29.60975533
IDA only,IDX,Gross savings (% of GDP),NY.GNS.ICTR.ZS,21.75404211,22.64697054,23.31099391,23.83090009,25.22809971,26.07618281,26.04365345,26.33519642,26.11553591,27.73724813,28.84728801
Isle of Man,IMN,Gross savings (% of GDP),NY.GNS.ICTR.ZS,,,,,,,,,,,
India,IND,Gross savings (% of GDP),NY.GNS.ICTR.ZS,36.30587538,35.13179654,35.26129179,34.30465633,33.46602422,32.4539249,30.83057551,31.7067543,31.31746848,29.88492591,30.73288207
Not classified,INX,Gross savings (% of GDP),NY.GNS.ICTR.ZS,,,,,,,,,,,
Ireland,IRL,Gross savings (% of GDP),NY.GNS.ICTR.ZS,16.91832576,15.32346818,15.78956343,20.65917114,23.85013914,30.19323876,33.55910554,34.40394466,33.93238648,35.39030271,37.38271492
"Iran, Islamic Rep.",IRN,Gross savings (% of GDP),NY.GNS.ICTR.ZS,,,,,,,,,,,
Iraq,IRQ,Gross savings (% of GDP),NY.GNS.ICTR.ZS,35.97825386,42.74800484,41.71133974,41.38548407,37.97563673,25.07153866,24.44417916,32.10213057,40.28107023,37.73958961,
Iceland,ISL,Gross savings (% of GDP),NY.GNS.ICTR.ZS,3.922168815,6.897581092,8.5209144,17.23952351,17.46377359,19.64533352,22.57342297,22.38926933,19.64498426,24.03894785,17.03186248
Israel,ISR,Gross savings (% of GDP),NY.GNS.ICTR.ZS,22.41361698,22.78591167,21.84641571,23.00223586,24.65794582,25.11075537,24.78994456,24.73232803,24.75677932,24.92024928,27.57502153
Italy,ITA,Gross savings (% of GDP),NY.GNS.ICTR.ZS,17.27134608,17.64272289,17.55094135,17.99966421,18.84648431,18.52123185,20.15610923,20.60782802,21.05246655,21.38531052,21.33881322
Jamaica,JAM,Gross savings (% of GDP),NY.GNS.ICTR.ZS,13.41917951,8.583877508,11.00560062,11.94131353,14.17908665,18.23163596,21.20679961,21.55970716,22.26034938,22.70625896,28.38034758
Jordan,JOR,Gross savings (% of GDP),NY.GNS.ICTR.ZS,28.10433283,21.73393899,16.13674557,16.43280507,18.73340122,16.00625901,14.60613673,10.82329523,10.59580996,10.09161673,3.988260486
Japan,JPN,Gross savings (% of GDP),NY.GNS.ICTR.ZS,26.3773425,25.58057141,24.89574884,25.25252313,25.77208863,28.17891582,28.72724161,29.28964909,29.023865,29.34483507,26.79516777
Kazakhstan,KAZ,Gross savings (% of GDP),NY.GNS.ICTR.ZS,30.38927409,32.79171294,29.75482574,28.98782512,30.14127781,27.64339216,23.90119602,25.93409227,27.7913301,26.6713826,26.31922124
Kenya,KEN,Gross savings (% of GDP),NY.GNS.ICTR.ZS,7.11664816,6.532002896,6.498867701,5.014243292,6.067940287,6.804465304,13.95540796,13.34082062,14.46687751,13.86565155,
Kyrgyz Republic,KGZ,Gross savings (% of GDP),NY.GNS.ICTR.ZS,19.93339076,17.40562521,12.7408596,9.116896961,11.5268744,12.17321923,22.45503053,26.66968755,26.57940604,24.05118583,32.53262139
Cambodia,KHM,Gross savings (% of GDP),NY.GNS.ICTR.ZS,17.50291917,16.3564837,18.86035129,21.06491893,21.36463954,20.73817136,20.33089898,23.15869167,25.30613673,27.12303432,27.41739185
Kiribati,KIR,Gross savings (% of GDP),NY.GNS.ICTR.ZS,14.58805836,9.339235566,26.3869886,27.92435542,62.09392088,76.17822109,46.66257807,68.39285822,64.70667457,,
St. Kitts and Nevis,KNA,Gross savings (% of GDP),NY.GNS.ICTR.ZS,,,,,,,,,,,
"Korea, Rep.",KOR,Gross savings (% of GDP),NY.GNS.ICTR.ZS,35.04466783,34.67129671,34.66391462,34.84912557,34.987043,36.34860305,36.78533622,37.01428256,35.85497824,34.78038233,36.13079246
Kuwait,KWT,Gross savings (% of GDP),NY.GNS.ICTR.ZS,51.51940014,57.38085134,56.94182432,55.1079902,50.16839495,30.91583879,25.45416411,35.49399819,39.70129792,32.27022223,
Latin America & Caribbean (excluding high income),LAC,Gross savings (% of GDP),NY.GNS.ICTR.ZS,19.70237977,20.19634514,19.36679343,18.62069403,18.05417309,17.29371244,17.08311172,17.19616428,16.68497671,16.9277557,18.26448642
Lao PDR,LAO,Gross savings (% of GDP),NY.GNS.ICTR.ZS,9.674716334,18.40307734,6.868000244,5.717231071,10.17183671,10.74736536,17.63879617,,,,
Lebanon,LBN,Gross savings (% of GDP),NY.GNS.ICTR.ZS,4.93641027,2.70092703,-2.526201979,-2.472921277,-3.50100382,2.378730109,1.645329494,-1.294947764,-3.989991397,-3.512555824,2.470804993
Liberia,LBR,Gross savings (% of GDP),NY.GNS.ICTR.ZS,,,,,,,,,,,
Libya,LBY,Gross savings (% of GDP),NY.GNS.ICTR.ZS,,,,,,,,,,,
St. Lucia,LCA,Gross savings (% of GDP),NY.GNS.ICTR.ZS,,,,,,,,,,,
Latin America & Caribbean,LCN,Gross savings (% of GDP),NY.GNS.ICTR.ZS,20.46216242,20.72630667,19.70397916,18.67913273,17.68358105,17.45918307,17.24754182,17.26117037,16.73425087,17.05222017,18.38302095
Least developed countries: UN classification,LDC,Gross savings (% of GDP),NY.GNS.ICTR.ZS,28.1546805,28.94731766,29.15250313,28.10190916,28.47555808,26.65387951,26.66464096,26.95046313,26.84274497,28.66641971,27.44319519
Low income,LIC,Gross savings (% of GDP),NY.GNS.ICTR.ZS,,19.91197708,18.21813827,18.43934566,22.85238395,20.989395,22.28730801,22.52464441,21.70365752,22.68365502,
Liechtenstein,LIE,Gross savings (% of GDP),NY.GNS.ICTR.ZS,,,,,,,,,,,
Sri Lanka,LKA,Gross savings (% of GDP),NY.GNS.ICTR.ZS,28.45794235,26.28579521,33.30177889,29.86377452,29.80464278,28.82351401,25.7306893,28.95989794,26.70070813,24.70646801,23.86635037
Lower middle income,LMC,Gross savings (% of GDP),NY.GNS.ICTR.ZS,30.87699291,30.28417293,30.60498521,28.79464958,28.56164326,27.29194226,26.39823563,27.17365949,27.37310455,27.18014803,26.65985812
Low & middle income,LMY,Gross savings (% of GDP),NY.GNS.ICTR.ZS,36.13416374,35.54045288,34.97006612,33.70813804,33.71755881,32.37420948,31.58555385,32.18391713,32.25797462,31.73213074,32.15681562
Lesotho,LSO,Gross savings (% of GDP),NY.GNS.ICTR.ZS,24.10802997,17.13055594,21.33555301,25.98348677,28.54032534,27.20106791,19.43081723,10.33073056,17.72134455,20.16475356,
Late-demographic dividend,LTE,Gross savings (% of GDP),NY.GNS.ICTR.ZS,39.86107423,39.3072613,38.56017638,37.54685934,37.43684771,35.85625781,34.88529014,35.4523942,35.44021252,34.71049091,35.28775583
Lithuania,LTU,Gross savings (% of GDP),NY.GNS.ICTR.ZS,18.32528262,18.30516518,18.18433346,21.22123505,23.08417846,18.82773214,18.13562324,19.7482708,20.64083158,21.04523432,20.80489766
Luxembourg,LUX,Gross savings (% of GDP),NY.GNS.ICTR.ZS,17.93555976,18.60466601,25.44774536,22.3917457,24.12581914,17.80926923,19.5755992,21.68179426,20.00819653,15.92200518,21.22125432
Latvia,LVA,Gross savings (% of GDP),NY.GNS.ICTR.ZS,22.15625541,22.44165213,23.87274244,21.8308352,22.26961604,23.16861279,22.7703316,23.30720528,23.05450096,22.5867656,25.22190868
"Macao SAR, China",MAC,Gross savings (% of GDP),NY.GNS.ICTR.ZS,52.16674544,54.15355161,53.48075389,53.40426799,52.50209847,48.65932669,48.35777744,50.31748811,50.22942119,47.79058811,
St. Martin (French part),MAF,Gross savings (% of GDP),NY.GNS.ICTR.ZS,,,,,,,,,,,
Morocco,MAR,Gross savings (% of GDP),NY.GNS.ICTR.ZS,29.71475762,28.06868476,25.25143526,27.02568361,26.54022034,28.85054322,28.25089189,29.14748602,27.80701406,27.79938561,26.86981813
Monaco,MCO,Gross savings (% of GDP),NY.GNS.ICTR.ZS,,,,,,,,,,,
Moldova,MDA,Gross savings (% of GDP),NY.GNS.ICTR.ZS,17.00566905,13.96559984,16.75500334,19.72243037,20.06332025,17.79076484,18.410413,16.86202963,15.2207352,16.09585561,16.75810232
Madagascar,MDG,Gross savings (% of GDP),NY.GNS.ICTR.ZS,16.85053351,16.00991339,13.33814695,8.762431907,14.51717391,12.9239849,16.01651369,15.07996219,18.75375393,16.0148454,8.724885821
Maldives,MDV,Gross savings (% of GDP),NY.GNS.ICTR.ZS,,,,,26.54193306,24.26242983,15.76299277,20.46732746,19.59297691,17.38633005,9.383621777
Middle East & North Africa,MEA,Gross savings (% of GDP),NY.GNS.ICTR.ZS,34.48753422,39.31396484,37.90974598,36.34388721,33.48053913,25.29860493,25.16477799,27.85534194,30.59631922,29.98170585,
Mexico,MEX,Gross savings (% of GDP),NY.GNS.ICTR.ZS,23.76084023,23.82714839,23.28228565,20.15287707,21.26484705,21.7615082,22.29923215,23.1689349,23.68199826,23.65033508,23.70762742
Marshall Islands,MHL,Gross savings (% of GDP),NY.GNS.ICTR.ZS,26.88580248,26.15871972,15.8602033,18.24664556,24.83455274,33.0003958,29.9004533,17.8965578,17.26068307,,
Middle income,MIC,Gross savings (% of GDP),NY.GNS.ICTR.ZS,36.29911807,35.70786583,35.14946864,33.87164839,33.83866116,32.5011037,31.68925193,32.29175652,32.37580659,31.82774531,32.24711749
North Macedonia,MKD,Gross savings (% of GDP),NY.GNS.ICTR.ZS,23.79944006,25.87092723,26.66112546,27.37583285,29.73002171,28.47775079,30.03434372,31.62037241,32.44211573,31.53427286,26.34292803
Mali,MLI,Gross savings (% of GDP),NY.GNS.ICTR.ZS,12.81682056,14.28927917,16.46514984,16.48854499,15.43126643,15.43159555,16.71532355,14.34970314,15.55504129,,
Malta,MLT,Gross savings (% of GDP),NY.GNS.ICTR.ZS,18.30884203,18.26924379,17.79598224,20.68175702,24.791124,27.46807478,24.89867202,28.2681478,29.07694603,28.30455334,22.76816436
Myanmar,MMR,Gross savings (% of GDP),NY.GNS.ICTR.ZS,20.98711074,32.48874811,34.16063631,33.50384945,31.11688028,30.83989413,25.30355153,25.62798651,26.06577182,29.77384119,
Middle East & North Africa (excluding high income),MNA,Gross savings (% of GDP),NY.GNS.ICTR.ZS,,,,,,,,,,,
Montenegro,MNE,Gross savings (% of GDP),NY.GNS.ICTR.ZS,1.166714482,4.274851709,5.130666,8.219702117,7.807319045,9.117513909,9.865240576,14.16838917,14.89888791,17.68693506,5.228905474
Mongolia,MNG,Gross savings (% of GDP),NY.GNS.ICTR.ZS,26.63044842,30.40358846,27.6982751,26.28005202,23.44557552,16.40055943,16.97609327,17.35832119,22.14089452,20.25862666,16.30696647
Northern Mariana Islands,MNP,Gross savings (% of GDP),NY.GNS.ICTR.ZS,,,,,,,,,,,
Mozambique,MOZ,Gross savings (% of GDP),NY.GNS.ICTR.ZS,12.40192634,14.00223319,11.31595376,12.35065987,10.56443097,12.64285688,10.23092099,12.47179201,12.86910319,18.29928806,
Mauritania,MRT,Gross savings (% of GDP),NY.GNS.ICTR.ZS,,,36.68700782,35.5290034,22.86999688,21.47316094,27.97779547,30.3667305,32.4349512,36.01864534,33.24829517
Mauritius,MUS,Gross savings (% of GDP),NY.GNS.ICTR.ZS,13.91516039,12.29743972,17.16510958,18.07097844,15.6311945,16.07172604,16.4670781,17.8580263,18.05548657,18.29290308,14.24523103
Malawi,MWI,Gross savings (% of GDP),NY.GNS.ICTR.ZS,,,,,,,,,,,
Malaysia,MYS,Gross savings (% of GDP),NY.GNS.ICTR.ZS,33.46645759,34.08180525,30.9153501,29.41984502,29.36654769,28.39914484,28.38499868,28.3360441,26.12826964,24.54077993,23.96670949
North America,NAC,Gross savings (% of GDP),NY.GNS.ICTR.ZS,15.69986862,16.71436816,18.86126838,19.30993528,20.38468797,20.16010046,18.96765044,19.55458511,19.64382832,19.5456096,19.22444092
Namibia,NAM,Gross savings (% of GDP),NY.GNS.ICTR.ZS,18.57056097,14.76806658,14.97291324,19.19874118,22.93855067,16.28904885,6.044458962,13.12097807,11.64908412,12.59712981,16.2701228
New Caledonia,NCL,Gross savings (% of GDP),NY.GNS.ICTR.ZS,,,,,,,,,,,
Niger,NER,Gross savings (% of GDP),NY.GNS.ICTR.ZS,24.28859805,22.18022898,23.30687122,24.19263481,24.97471066,24.16964269,21.30422746,20.4442784,22.9796796,24.96291642,15.71070901
Nigeria,NGA,Gross savings (% of GDP),NY.GNS.ICTR.ZS,24.3508618,25.23172977,33.15711182,19.28537201,22.46209101,17.00218848,15.84585735,18.26508766,19.26258667,22.44440024,22.87249375
Nicaragua,NIC,Gross savings (% of GDP),NY.GNS.ICTR.ZS,15.8725877,19.01967829,19.26125921,17.94999123,20.63138744,23.48869249,22.51098648,22.41743713,22.00737459,23.41500727,26.68415648
Netherlands,NLD,Gross savings (% of GDP),NY.GNS.ICTR.ZS,27.20020428,28.65928116,28.82373747,28.0656088,27.10748587,28.77745967,28.54784925,31.42219505,31.79890117,31.46590243,28.72632014
Norway,NOR,Gross savings (% of GDP),NY.GNS.ICTR.ZS,36.61394167,38.5996692,39.08428933,38.24986445,38.72989316,35.60931643,32.56595909,33.30471918,36.02070689,32.7305194,31.95592579
Nepal,NPL,Gross savings (% of GDP),NY.GNS.ICTR.ZS,37.75048339,29.45087211,34.55533815,37.08132512,39.58970376,40.08822844,35.30509599,41.88064846,42.60312136,42.18751605,33.26590823
Nauru,NRU,Gross savings (% of GDP),NY.GNS.ICTR.ZS,,,,,,,,,,,
New Zealand,NZL,Gross savings (% of GDP),NY.GNS.ICTR.ZS,17.52605991,17.4692667,17.44557978,19.61658562,19.61647452,20.75365954,20.55864236,20.7392689,20.3639341,21.05782566,18.02717831
OECD members,OED,Gross savings (% of GDP),NY.GNS.ICTR.ZS,20.18729009,20.80345012,21.45942532,21.6058108,22.32020665,22.69994329,22.29632994,22.94484878,23.06376948,23.145828,22.45345099
Oman,OMN,Gross savings (% of GDP),NY.GNS.ICTR.ZS,27.55365346,39.20557894,39.17586815,38.15326312,33.48707172,22.47862994,19.38553675,20.26349817,26.98777001,22.02617885,9.04006399
Other small states,OSS,Gross savings (% of GDP),NY.GNS.ICTR.ZS,,44.6036883,45.1129787,43.55718694,41.72438587,35.74207322,34.27006409,36.84845662,38.15525451,36.67904061,33.01179409
Pakistan,PAK,Gross savings (% of GDP),NY.GNS.ICTR.ZS,15.90103323,15.47492354,13.89405057,14.66627252,15.27556114,15.77184542,14.95008686,13.04183399,12.21702054,12.36421857,16.91184188
Panama,PAN,Gross savings (% of GDP),NY.GNS.ICTR.ZS,22.64002199,27.58479625,29.4469765,30.4442891,27.45585399,31.61355517,29.71278143,31.66607099,29.96323019,28.96788897,26.34747041
Peru,PER,Gross savings (% of GDP),NY.GNS.ICTR.ZS,22.44612522,23.70010285,22.303955,21.91445645,20.67665338,20.04791647,19.75341276,19.73813794,19.71792893,19.3756357,18.01378612
Philippines,PHL,Gross savings (% of GDP),NY.GNS.ICTR.ZS,39.75149782,36.87506432,35.13285023,36.35440434,37.34745591,35.6348267,35.05477831,35.48862852,33.80704632,31.75518964,24.8952663
Palau,PLW,Gross savings (% of GDP),NY.GNS.ICTR.ZS,,,,,,,,,,,
Papua New Guinea,PNG,Gross savings (% of GDP),NY.GNS.ICTR.ZS,,,,,,,,,,,
Poland,POL,Gross savings (% of GDP),NY.GNS.ICTR.ZS,15.74642426,17.09946103,16.70535196,17.21244341,17.77906479,19.50483332,19.19494575,19.49790197,19.4021491,20.05104422,20.1056948
Pre-demographic dividend,PRE,Gross savings (% of GDP),NY.GNS.ICTR.ZS,24.83398199,26.13285376,28.99288477,23.11540931,24.45557061,20.01608129,19.79135136,21.93767224,23.64781776,25.15576947,
Puerto Rico,PRI,Gross savings (% of GDP),NY.GNS.ICTR.ZS,,,,,,,,,,,
"Korea, Dem. People's Rep.",PRK,Gross savings (% of GDP),NY.GNS.ICTR.ZS,,,,,,,,,,,
Portugal,PRT,Gross savings (% of GDP),NY.GNS.ICTR.ZS,10.61525827,13.33196567,13.79093985,15.61914481,14.96782464,15.64549317,16.32711197,18.02628408,18.3333104,18.39227843,17.28761848
Paraguay,PRY,Gross savings (% of GDP),NY.GNS.ICTR.ZS,24.09240299,25.2412219,20.4277097,23.94859236,22.38800477,22.56869632,24.48929849,24.80152173,22.78473821,21.84201188,23.21774535
West Bank and Gaza,PSE,Gross savings (% of GDP),NY.GNS.ICTR.ZS,7.706170438,-0.486052552,6.970331742,7.34119643,8.143042588,11.38985199,11.47746088,14.36621911,15.45448217,16.85982014,15.54241174
Pacific island small states,PSS,Gross savings (% of GDP),NY.GNS.ICTR.ZS,13.10139308,15.90081061,16.65783792,17.5437401,22.52042971,24.92630835,21.64281598,20.98339709,21.30369078,17.90404789,20.17848947
Post-demographic dividend,PST,Gross savings (% of GDP),NY.GNS.ICTR.ZS,20.37958594,20.99011121,21.67551344,21.84293989,22.53354009,22.87745504,22.43275885,23.10195064,23.15905077,23.23331,22.44748194
French Polynesia,PYF,Gross savings (% of GDP),NY.GNS.ICTR.ZS,,,,,,,,,,,
Qatar,QAT,Gross savings (% of GDP),NY.GNS.ICTR.ZS,,60.09937759,60.32916706,58.25195068,55.74933389,45.56898651,43.97919475,47.3963663,50.70117884,46.15070294,41.34434041
Romania,ROU,Gross savings (% of GDP),NY.GNS.ICTR.ZS,21.82797252,23.08811768,22.06027129,24.53222131,24.50616398,24.32513763,21.82973473,20.33489528,18.12734518,18.73997238,19.37437911
Russian Federation,RUS,Gross savings (% of GDP),NY.GNS.ICTR.ZS,26.28371452,28.7575647,27.24417163,24.2820964,24.51218089,26.36670919,25.01341253,25.66868515,28.94923532,26.68901961,27.09825347
Rwanda,RWA,Gross savings (% of GDP),NY.GNS.ICTR.ZS,13.39045255,17.2683697,13.67400413,16.52039718,11.78673635,9.883934057,10.74614115,14.36164895,10.92989137,11.13034269,11.95859092
South Asia,SAS,Gross savings (% of GDP),NY.GNS.ICTR.ZS,34.32205785,33.16194293,33.55888926,32.71644922,31.98450348,31.12265473,29.64516279,30.18281919,29.58892763,28.57818363,29.55182681
Saudi Arabia,SAU,Gross savings (% of GDP),NY.GNS.ICTR.ZS,43.56365505,50.59068846,48.92873535,44.6088549,38.92448874,25.50283078,27.23568342,30.37145106,33.2275811,33.59708141,25.25566097
Sudan,SDN,Gross savings (% of GDP),NY.GNS.ICTR.ZS,18.91643266,18.76309919,17.55222104,21.30283397,36.04677198,36.61223136,35.65886597,37.7778089,31.99684588,35.48635019,30.20570765
Senegal,SEN,Gross savings (% of GDP),NY.GNS.ICTR.ZS,16.28259487,14.38264462,15.84553068,16.28849893,19.00425371,20.54025021,21.15482407,22.54235227,23.06219727,,
Singapore,SGP,Gross savings (% of GDP),NY.GNS.ICTR.ZS,50.59159439,48.8091746,47.25306118,45.51569711,47.29496845,44.0462477,44.63073187,45.45268302,42.09475823,40.05164281,40.24143015
Solomon Islands,SLB,Gross savings (% of GDP),NY.GNS.ICTR.ZS,3.604257254,14.35448427,16.55291602,12.57886419,9.222689832,13.07687048,12.56970014,13.86893987,9.150567616,2.841637735,7.16906195
Sierra Leone,SLE,Gross savings (% of GDP),NY.GNS.ICTR.ZS,21.4553945,0.952351345,9.4424627,-12.88073351,15.1225696,-1.465528905,-13.79112533,-1.746600155,-9.479023646,-2.804786573,
El Salvador,SLV,Gross savings (% of GDP),NY.GNS.ICTR.ZS,13.78347776,12.3086118,11.91234258,10.11462468,11.58397965,12.32624987,13.69014805,15.0315466,15.59136094,16.26402933,18.39715534
San Marino,SMR,Gross savings (% of GDP),NY.GNS.ICTR.ZS,,,,,,,,,,,
Somalia,SOM,Gross savings (% of GDP),NY.GNS.ICTR.ZS,,,,,,,,,,,
Serbia,SRB,Gross savings (% of GDP),NY.GNS.ICTR.ZS,13.90893443,10.3010718,10.95977104,13.94965762,13.13538034,16.33635793,16.35232267,15.55043989,18.69686851,18.30132502,20.60593175
Sub-Saharan Africa (excluding high income),SSA,Gross savings (% of GDP),NY.GNS.ICTR.ZS,20.49836805,20.83671891,22.76996019,18.60066163,20.4843752,18.56012272,18.3263572,19.07102919,19.42628082,20.65712755,20.87170943
South Sudan,SSD,Gross savings (% of GDP),NY.GNS.ICTR.ZS,,,,,10.61344352,6.176861844,,,,,
Sub-Saharan Africa,SSF,Gross savings (% of GDP),NY.GNS.ICTR.ZS,20.49593538,20.82730371,22.76131321,18.60453632,20.48269518,18.55951205,18.32302851,19.06645135,19.42151439,20.65070053,20.86899797
Small states,SST,Gross savings (% of GDP),NY.GNS.ICTR.ZS,,41.62011215,42.20152483,40.82108007,39.36193497,34.12644653,32.81746501,35.3103037,36.52267711,35.44645399,31.98741632
Sao Tome and Principe,STP,Gross savings (% of GDP),NY.GNS.ICTR.ZS,,,,,,,,,,,
Suriname,SUR,Gross savings (% of GDP),NY.GNS.ICTR.ZS,50.3398956,,,,,,,,,,
Slovak Republic,SVK,Gross savings (% of GDP),NY.GNS.ICTR.ZS,20.95563793,21.52305951,22.85746596,23.48625561,23.51878305,23.44562841,21.61841549,21.64272133,22.41768698,21.03062709,18.17489508
Slovenia,SVN,Gross savings (% of GDP),NY.GNS.ICTR.ZS,21.90968066,21.5676853,20.36761944,21.91594044,24.44239394,23.08959094,23.45503156,26.47224832,27.32523594,26.70118133,27.46406966
Sweden,SWE,Gross savings (% of GDP),NY.GNS.ICTR.ZS,29.1408208,29.0329943,27.69396598,27.33683545,27.5647816,27.48339138,27.10118293,28.51225299,28.57527252,30.33313471,30.38580465
Eswatini,SWZ,Gross savings (% of GDP),NY.GNS.ICTR.ZS,7.549319889,3.850887656,17.63902354,22.63338899,23.55677285,22.64208989,19.14625175,16.22350361,16.09301753,15.56645484,15.23783985
Sint Maarten (Dutch part),SXM,Gross savings (% of GDP),NY.GNS.ICTR.ZS,,8.157316782,18.05100017,15.88853086,14.88021534,18.99465002,17.50265252,25.53229866,45.25719453,,
Seychelles,SYC,Gross savings (% of GDP),NY.GNS.ICTR.ZS,17.54471249,8.973301579,11.83060928,23.4993701,18.34399808,17.7821181,14.12502016,13.34557782,13.46496106,12.79445317,17.87631152
Syrian Arab Republic,SYR,Gross savings (% of GDP),NY.GNS.ICTR.ZS,14.67117872,,,,,,,,,,
Turks and Caicos Islands,TCA,Gross savings (% of GDP),NY.GNS.ICTR.ZS,,,,,,,,,,,
Chad,TCD,Gross savings (% of GDP),NY.GNS.ICTR.ZS,,,,,,,,,,,
East Asia & Pacific (IDA & IBRD countries),TEA,Gross savings (% of GDP),NY.GNS.ICTR.ZS,48.16236252,46.52539432,45.76808103,44.55366563,44.71329256,42.71753683,41.84020824,42.43183994,42.0588918,41.33400627,41.62329089
Europe & Central Asia (IDA & IBRD countries),TEC,Gross savings (% of GDP),NY.GNS.ICTR.ZS,23.43060848,25.14697512,24.29079489,23.1576124,23.622126,24.75892905,23.65049912,24.48348308,26.28825062,24.89085468,25.03259646
Togo,TGO,Gross savings (% of GDP),NY.GNS.ICTR.ZS,15.75752729,17.91417282,15.71916063,16.43075115,17.89100038,21.19627143,14.73046956,17.05925186,15.51081226,19.77522995,
Thailand,THA,Gross savings (% of GDP),NY.GNS.ICTR.ZS,29.6275904,31.43395978,28.9313122,27.22076986,27.48507678,28.04382283,30.07650524,31.9424667,31.66004904,31.70838394,27.74985316
Tajikistan,TJK,Gross savings (% of GDP),NY.GNS.ICTR.ZS,11.77614657,15.15029162,11.48701192,11.84948265,16.21530446,41.66999366,32.30533716,30.51052347,34.58521366,36.45672825,28.633104
Turkmenistan,TKM,Gross savings (% of GDP),NY.GNS.ICTR.ZS,,,,,,,,,,,
Latin America & the Caribbean (IDA & IBRD countries),TLA,Gross savings (% of GDP),NY.GNS.ICTR.ZS,20.47831585,20.7607151,19.72648466,18.69607647,17.6939031,17.46241715,17.24666598,17.26463099,16.73448307,17.03197719,18.38453007
Timor-Leste,TLS,Gross savings (% of GDP),NY.GNS.ICTR.ZS,257.4286369,332.9462431,255.1177372,183.6995412,105.9399226,68.4174885,21.00203439,21.26731086,15.48988916,29.56328572,10.48232032
Middle East & North Africa (IDA & IBRD countries),TMN,Gross savings (% of GDP),NY.GNS.ICTR.ZS,,,,,,,,,,,
Tonga,TON,Gross savings (% of GDP),NY.GNS.ICTR.ZS,11.2976856,16.37283255,20.648006,15.4856812,15.08272753,8.896305106,13.70972662,20.81079581,18.49316708,25.61430686,15.62008132
South Asia (IDA & IBRD),TSA,Gross savings (% of GDP),NY.GNS.ICTR.ZS,34.32205785,33.16194293,33.55888926,32.71644922,31.98450348,31.12265473,29.64516279,30.18281919,29.58892763,28.57818363,29.55182681
Sub-Saharan Africa (IDA & IBRD countries),TSS,Gross savings (% of GDP),NY.GNS.ICTR.ZS,20.49593538,20.82730371,22.76131321,18.60453632,20.48269518,18.55951205,18.32302851,19.06645135,19.42151439,20.65070053,20.86899797
Trinidad and Tobago,TTO,Gross savings (% of GDP),NY.GNS.ICTR.ZS,,,,,,,,,,,
Tunisia,TUN,Gross savings (% of GDP),NY.GNS.ICTR.ZS,21.42821674,16.49698971,16.88958016,14.88758605,14.87050588,12.59691476,11.15265757,10.40095278,11.11702518,,
Turkey,TUR,Gross savings (% of GDP),NY.GNS.ICTR.ZS,21.79763462,23.02727629,23.38042655,23.9117391,24.89994622,25.21372372,24.98018311,26.01343908,27.69075718,26.05279135,26.87662034
Tuvalu,TUV,Gross savings (% of GDP),NY.GNS.ICTR.ZS,,,,,,,,,,,
Tanzania,TZA,Gross savings (% of GDP),NY.GNS.ICTR.ZS,25.07110552,22.57825528,25.81937055,27.01681244,27.7409785,25.32380564,27.99362043,30.53584045,31.43970948,35.62466116,33.92045147
Uganda,UGA,Gross savings (% of GDP),NY.GNS.ICTR.ZS,18.69130576,16.58799172,18.54217591,22.47099011,25.13991068,16.57924218,24.19463628,23.5972327,21.32732835,22.6844339,22.21346452
Ukraine,UKR,Gross savings (% of GDP),NY.GNS.ICTR.ZS,13.94409259,11.72238658,12.29810897,7.886474564,9.901627037,21.45707885,19.73208009,16.86360957,13.62216537,12.28500851,11.64567648
Upper middle income,UMC,Gross savings (% of GDP),NY.GNS.ICTR.ZS,37.9219827,37.33159432,36.51146006,35.39358837,35.42056963,34.06267062,33.27656203,33.82009601,33.86968742,33.20109608,33.86214415
Uruguay,URY,Gross savings (% of GDP),NY.GNS.ICTR.ZS,17.01240936,17.40557213,12.42109281,14.22385569,12.79417898,14.86554183,18.2638238,15.90485708,14.41005024,16.00567396,16.36185587
United States,USA,Gross savings (% of GDP),NY.GNS.ICTR.ZS,15.35437503,16.32032018,18.66183632,19.08889953,20.21306506,20.20807249,18.94358315,19.51986421,19.63632499,19.49464002,19.24881986
Uzbekistan,UZB,Gross savings (% of GDP),NY.GNS.ICTR.ZS,31.71430536,33.65084182,32.67839442,29.48800894,30.30093942,25.79368424,24.37896183,32.15476777,35.6071622,34.77136793,33.32980231
St. Vincent and the Grenadines,VCT,Gross savings (% of GDP),NY.GNS.ICTR.ZS,,,,,,,,,,,
"Venezuela, RB",VEN,Gross savings (% of GDP),NY.GNS.ICTR.ZS,31.43295512,30.54288285,25.62897701,19.02767037,8.939355092,,,,,,
British Virgin Islands,VGB,Gross savings (% of GDP),NY.GNS.ICTR.ZS,,,,,,,,,,,
Virgin Islands (U.S.),VIR,Gross savings (% of GDP),NY.GNS.ICTR.ZS,,,,,,,,,,,
Vietnam,VNM,Gross savings (% of GDP),NY.GNS.ICTR.ZS,30.43518057,29.83953188,30.83249146,29.63653299,28.33886856,23.30366356,21.94791433,21.67324246,23.11820438,22.49204922,23.16045073
Vanuatu,VUT,Gross savings (% of GDP),NY.GNS.ICTR.ZS,17.79643872,18.85445325,14.62603915,19.24254598,29.39745773,38.91030749,36.06751112,26.24291605,39.41626557,47.71465371,44.58819414
World,WLD,Gross savings (% of GDP),NY.GNS.ICTR.ZS,26.27031312,26.61079583,26.79352819,26.40354798,26.73482276,26.3395383,25.79314679,26.47670971,26.58866955,26.43094241,25.96189941
Samoa,WSM,Gross savings (% of GDP),NY.GNS.ICTR.ZS,,,,,,,,,,,
Kosovo,XKX,Gross savings (% of GDP),NY.GNS.ICTR.ZS,20.31163636,22.63872164,25.78326893,26.48013162,20.60674435,21.66713322,25.5414156,29.28148845,28.63619698,28.87963341,26.58390267
"Yemen, Rep.",YEM,Gross savings (% of GDP),NY.GNS.ICTR.ZS,,,,,,,,,,,
South Africa,ZAF,Gross savings (% of GDP),NY.GNS.ICTR.ZS,17.14240755,16.10205875,13.4973772,13.83784368,13.68177342,14.28897594,14.28790882,14.2437066,13.5652342,13.46573708,14.64908504
Zambia,ZMB,Gross savings (% of GDP),NY.GNS.ICTR.ZS,31.43342756,30.67026154,35.47462341,32.9503766,32.30301495,33.70021507,30.44015508,36.25246532,41.82582796,39.71439324,45.21786987
Zimbabwe,ZWE,Gross savings (% of GDP),NY.GNS.ICTR.ZS,5.313158203,9.253579593,-3.438815707,2.793611591,4.72061578,-0.107825979,5.499057516,6.882674712,2.358410587,11.83019724,12.45627007